Workbook

Sheet Supervisado
E1: ARBOLES DE DECISIÓN | I1: K VECINOS MÁS CERCANOS (KNN) | M1: MÁQUINAS DE VECTORES DE SOPORTE (SVM) | Q1: REDES NEURONALES
A2: # | B2: Normalización | C2: OUTLIERS | D2: BALANCEO | E2: ACCURACY | F2: PRECISION | G2: RECALL | H2: F1-SCORE | I2: ACCURACY | J2: PRECISION | K2: RECALL | L2: F1-SCORE | M2: ACCURACY | N2: PRECISION | O2: RECALL | P2: F1-SCORE | Q2: ACCURACY | R2: PRECISION | S2: RECALL | T2: F1-SCORE
A3: 1 | B3: CC(SI) y ED(NO) | C3: NO | D3: NO | E3: 0.97 | F3: 0.21 | G3: 0.4 | H3: 0.22 | I3: 0.9988 | J3: 0.9985 | K3: 0.9988 | L3: 0.9986 | M3: 0.91 | N3: 0.87 | O3: 0.91 | P3: 0.89 | Q3: 0.99 | R3: 0.99 | S3: 0.99 | T3: 0.99
A4: 2 | B4: CC(SI) y ED(NO) | C4: NO | D4: SI | E4: 0.98 | F4: 0.98 | G4: 0.98 | H4: 0.98 | I4: 0.9967 | J4: 0.995 | K4: 0.9967 | L4: 0.9956 | M4: 0.92 | N4: 0.93 | O4: 0.92 | P4: 0.92 | Q4: 0.75 | R4: 0.77 | S4: 0.75 | T4: 0.75
A5: 3 | B5: CC(SI) y ED(NO) | C5: SI | D5: NO | E5: 0.98 | F5: 0.34 | G5: 0.8 | H5: 0.42 | I5: 0.9683 | J5: 0.9684 | K5: 0.9683 | L5: 0.9684 | M5: 0.81 | N5: 0.77 | O5: 0.82 | P5: 0.77 | Q5: 0.99 | R5: 0.99 | S5: 0.99 | T5: 0.99
A6: 4 | B6: CC(SI) y ED(NO) | C6: SI | D6: SI | E6: 0.97 | F6: 0.98 | G6: 0.98 | H6: 0.98 | I6: 0.9733 | J6: 0.9735 | K6: 0.9733 | L6: 0.9733 | M6: 0.71 | N6: 0.75 | O6: 0.71 | P6: 0.69 | Q6: 0.58 | R6: 0.63 | S6: 0.58 | T6: 0.57
A7: 5 | B7: CC(SI) y ED(SI) | C7: NO | D7: NO | E7: 0.97 | F7: 0.21 | G7: 0.4 | H7: 0.22 | I7: 0.9975 | J7: 0.9958 | K7: 0.9975 | L7: 0.9965 | M7: 0.91 | N7: 0.87 | O7: 0.91 | P7: 0.89 | Q7: 0.99 | R7: 0.99 | S7: 0.99 | T7: 0.99
A8: 6 | B8: CC(SI) y ED(SI) | C8: NO | D8: SI | E8: 0.96 | F8: 0.97 | G8: 0.97 | H8: 0.97 | I8: 0.9963 | J8: 0.9934 | K8: 0.9963 | L8: 0.9948 | M8: 0.92 | N8: 0.93 | O8: 0.92 | P8: 0.92 | Q8: 0.75 | R8: 0.77 | S8: 0.75 | T8: 0.75
A9: 7 | B9: CC(SI) y ED(SI) | C9: SI | D9: NO | E9: 0.98 | F9: 0.33 | G9: 0.8 | H9: 0.41 | I9: 0.9717 | J9: 0.9718 | K9: 0.9717 | L9: 0.9717 | M9: 0.81 | N9: 0.77 | O9: 0.82 | P9: 0.77 | Q9: 0.99 | R9: 0.99 | S9: 0.99 | T9: 0.99
A10: 8 | B10: CC(SI) y ED(SI) | C10: SI | D10: SI | E10: 0.97 | F10: 0.98 | G10: 0.98 | H10: 0.98 | I10: 0.9694 | J10: 0.9697 | K10: 0.9694 | L10: 0.9694 | M10: 0.75 | N10: 0.8 | O10: 0.75 | P10: 0.74 | Q10: 0.59 | R10: 0.74 | S10: 0.59 | T10: 0.57

Sheet graficas supervisado
A1: Tabla de diagramas
B2: ARBOLES DE DECISIÓN | C2: K VECINOS MÁS CERCANOS (KNN) | D2: MÁQUINAS DE VECTORES DE SOPORTE (SVM) | E2: REDES NEURONALES
A3: F1-score MAX | B3: =MAX(Supervisado!H3:H10) -> 0.98 | C3: =MAX(Supervisado!L3:L10) -> 0.9986 | D3: =MAX(Supervisado!P3:P10) -> 0.92 | E3: =MAX(Supervisado!T3:T10) -> 0.99
B24: ARBOLES DE DECISIÓN | C24: K VECINOS MÁS CERCANOS (KNN) | D24: MÁQUINAS DE VECTORES DE SOPORTE (SVM) | E24: REDES NEURONALES
A25: F1-score medio (Sin ED) | B25: =AVERAGE(Supervisado!H3:H6) -> 0.65 | C25: =AVERAGE(Supervisado!L3:L6) -> 0.983975 | D25: =AVERAGE(Supervisado!P3:P6) -> 0.8175 | E25: =AVERAGE(Supervisado!T3:T6) -> 0.825
A26: F1-score medio (Con ED) | B26: =AVERAGE(Supervisado!H7:H10) -> 0.645 | C26: =AVERAGE(Supervisado!L7:L10) -> 0.9831 | D26: =AVERAGE(Supervisado!P7:P10) -> 0.83 | E26: =AVERAGE(Supervisado!T7:T10) -> 0.825
B48: ARBOLES DE DECISIÓN | C48: K VECINOS MÁS CERCANOS (KNN) | D48: MÁQUINAS DE VECTORES DE SOPORTE (SVM) | E48: REDES NEURONALES
A49: F1-score medio (Sin Outlier) | B49: =AVERAGE(Supervisado!H3,Supervisado!H4,Supervisado!H7,Supervisado!H8) -> 0.5975 | C49: =AVERAGE(Supervisado!L3,Supervisado!L4,Supervisado!L7,Supervisado!L8) -> 0.996375 | D49: =AVERAGE(Supervisado!P3,Supervisado!P4,Supervisado!P7,Supervisado!P8) -> 0.905 | E49: =AVERAGE(Supervisado!T3,Supervisado!T4,Supervisado!T7,Supervisado!T8) -> 0.87
A50: F1-score medio (Con Outlier) | B50: =AVERAGE(Supervisado!H5,Supervisado!H6,Supervisado!H9,Supervisado!H10) -> 0.6975 | C50: =AVERAGE(Supervisado!L5,Supervisado!L6,Supervisado!L9,Supervisado!L10) -> 0.9707 | D50: =AVERAGE(Supervisado!P5,Supervisado!P6,Supervisado!P9,Supervisado!P10) -> 0.7425 | E50: =AVERAGE(Supervisado!T5,Supervisado!T6,Supervisado!T9,Supervisado!T10) -> 0.78
B72: ARBOLES DE DECISIÓN | C72: K VECINOS MÁS CERCANOS (KNN) | D72: MÁQUINAS DE VECTORES DE SOPORTE (SVM) | E72: REDES NEURONALES
A73: F1-score medio (Desbalanceado) | B73: =AVERAGE(Supervisado!H3,Supervisado!H5,Supervisado!H7,Supervisado!H9) -> 0.3175 | C73: =AVERAGE(Supervisado!L3,Supervisado!L5,Supervisado!L7,Supervisado!L9) -> 0.9838 | D73: =AVERAGE(Supervisado!P3,Supervisado!P5,Supervisado!P7,Supervisado!P9) -> 0.83 | E73: =AVERAGE(Supervisado!T3,Supervisado!T5,Supervisado!T7,Supervisado!T9) -> 0.99
A74: F1-score medio (Balanceado) | B74: =AVERAGE(Supervisado!H4,Supervisado!H6,Supervisado!H8,Supervisado!H10) -> 0.9775 | C74: =AVERAGE(Supervisado!L4,Supervisado!L6,Supervisado!L8,Supervisado!L10) -> 0.983275 | D74: =AVERAGE(Supervisado!P4,Supervisado!P6,Supervisado!P8,Supervisado!P10) -> 0.8175 | E74: =AVERAGE(Supervisado!T4,Supervisado!T6,Supervisado!T8,Supervisado!T10) -> 0.66

Sheet NO SUPERVISADO
E1: K-MEANS | G1: DBSCAN
A2: # | B2: Normalización | C2: OUTLIERS | D2: BALANCEO | E2: inertia | F2: silhouette score | G2: silhouette score
A3: 1 | B3: CC(SI) y ED(NO) | C3: NO | D3: NO | E3: 319839445949048 | F3: 0.61551369 | G3: 0.74179099
A4: 2 | B4: CC(SI) y ED(NO) | C4: NO | D4: SI | E4: 161479584765451 | F4: 0.80013333 | G4: 0.4637318
A5: 3 | B5: CC(SI) y ED(NO) | C5: SI | D5: NO | E5: 1.0427045e+32 | F5: 0.80758028 | G5: 0.5737118
A6: 4 | B6: CC(SI) y ED(NO) | C6: SI | D6: SI | E6: 3.0169105e+16 | F6: 0.84364116 | G6: 0.68119745
A7: 5 | B7: CC(SI) y ED(SI) | C7: NO | D7: NO | E7: 26996.742 | F7: 0.69986343 | G7: 0.85963161
A8: 6 | B8: CC(SI) y ED(SI) | C8: NO | D8: SI | E8: 149.96466 | F8: 0.88777326 | G8: 0.80686276
A9: 7 | B9: CC(SI) y ED(SI) | C9: SI | D9: NO | E9: 26996.742 | F9: 0.69986343 | G9: 0.52330812
A10: 8 | B10: CC(SI) y ED(SI) | C10: SI | D10: SI | E10: 13132.961 | F10: 0.71656919 | G10: 0.2747325
